id,name,length,width,weight,price,unit,available,image
KL-1,КЛ-1,100,41,20,3570,1 шт,✅,images/kl1/kl1-mini.png
KL-1.1,КЛ-1.1,110,41,22,3910,1 шт,✅,images/kl1/kl1-mini.png
KL-1.2,КЛ-1.2,120,41,24,4290,1 шт,✅,images/kl1/kl1-mini.png
KL-1.3,КЛ-1.3,130,41,26,4625,1 шт,✅,images/kl1/kl1-mini.png
KL-1.4,КЛ-1.4,140,41,28,4990,1 шт,✅,images/kl1/kl1-mini.png
KL-1.5,КЛ-1.5,150,41,30,5330,1 шт,✅,images/kl1/kl1-mini.png
KL-1.6,КЛ-1.6,160,41,32,5695,1 шт,✅,images/kl1/kl1-mini.png
KL-1.7,КЛ-1.7,170,41,34,6050,1 шт,✅,images/kl1/kl1-mini.png
KL-1.8,КЛ-1.8,180,41,36,6410,1 шт,✅,images/kl1/kl1-mini.png
KL-1.9,КЛ-1.9,190,41,38,6735,1 шт,✅,images/kl1/kl1-mini.png
KL-2,КЛ-2,200,41,40,7105,1 шт,✅,images/kl1/kl1-mini.png
KL-2.1,КЛ-2.1,210,41,42,7455,1 шт,✅,images/kl1/kl1-mini.png
KL-2.2,КЛ-2.2,220,41,44,7815,1 шт,✅,images/kl1/kl1-mini.png
KL-2.3,КЛ-2.3,230,41,46,8160,1 шт,✅,images/kl1/kl1-mini.png
KL-2.4,КЛ-2.4,240,41,48,8505,1 шт,✅,images/kl1/kl1-mini.png
KL-2.5,КЛ-2.5,250,41,50,8870,1 шт,✅,images/kl1/kl1-mini.png
KL-2.6,КЛ-2.6,260,41,52,9225,1 шт,✅,images/kl1/kl1-mini.png
KL-2.7,КЛ-2.7,270,41,54,9570,1 шт,✅,images/kl1/kl1-mini.png
KL-2.8,КЛ-2.8,280,41,56,9920,1 шт,✅,images/kl1/kl1-mini.png
KL-2.9,КЛ-2.9,290,41,58,10265,1 шт,✅,images/kl1/kl1-mini.png
KL-3,КЛ-3,300,41,60,10630,1 шт,✅,images/kl1/kl1-mini.png
KL-3.1,КЛ-3.1,310,41,62,10985,1 шт,✅,images/kl1/kl1-mini.png
KL-3.2,КЛ-3.2,320,41,64,11330,1 шт,✅,images/kl1/kl1-mini.png
KL-3.3,КЛ-3.3,330,41,66,11695,1 шт,✅,images/kl1/kl1-mini.png
KL-3.4,КЛ-3.4,340,41,68,12050,1 шт,✅,images/kl1/kl1-mini.png
KL-3.5,КЛ-3.5,350,41,70,12400,1 шт,✅,images/kl1/kl1-mini.png
KL-3.6,КЛ-3.6,360,41,72,12735,1 шт,✅,images/kl1/kl1-mini.png
KL-3.7,КЛ-3.7,370,41,74,13095,1 шт,✅,images/kl1/kl1-mini.png
KL-3.8,КЛ-3.8,380,41,76,13430,1 шт,✅,images/kl1/kl1-mini.png
KL-3.9,КЛ-3.9,390,41,78,13815,1 шт,✅,images/kl1/kl1-mini.png
KL-4,КЛ-4,400,41,80,14175,1 шт,✅,images/kl1/kl1-mini.png
KL-4.1,КЛ-4.1,410,41,82,14495,1 шт,✅,images/kl1/kl1-mini.png
KL-4.2,КЛ-4.2,420,41,84,14855,1 шт,✅,images/kl1/kl1-mini.png
KL-4.3,КЛ-4.3,430,41,86,15230,1 шт,✅,images/kl1/kl1-mini.png
KL-4.4,КЛ-4.4,440,41,88,15570,1 шт,✅,images/kl1/kl1-mini.png
KL-4.5,КЛ-4.5,450,41,90,15930,1 шт,✅,images/kl1/kl1-mini.png
KL-4.6,КЛ-4.6,460,41,92,16270,1 шт,✅,images/kl1/kl1-mini.png
KL-4.7,КЛ-4.7,470,41,94,16615,1 шт,✅,images/kl1/kl1-mini.png
KL-4.8,КЛ-4.8,480,41,96,16975,1 шт,✅,images/kl1/kl1-mini.png
KL-4.9,КЛ-4.9,490,41,98,17335,1 шт,✅,images/kl1/kl1-mini.png
KL-5,КЛ-5,500,41,100,17680,1 шт,✅,images/kl1/kl1-mini.png
KL-5.1,КЛ-5.1,510,41,102,18040,1 шт,✅,images/kl1/kl1-mini.png
KL-5.2,КЛ-5.2,520,41,104,18390,1 шт,✅,images/kl1/kl1-mini.png
KL-5.3,КЛ-5.3,530,41,106,18735,1 шт,✅,images/kl1/kl1-mini.png
KL-5.4,КЛ-5.4,540,41,108,19105,1 шт,✅,images/kl1/kl1-mini.png
KL-5.5,КЛ-5.5,550,41,110,19450,1 шт,✅,images/kl1/kl1-mini.png
KL-5.6,КЛ-5.6,560,41,112,19800,1 шт,✅,images/kl1/kl1-mini.png
KL-5.7,КЛ-5.7,570,41,114,20150,1 шт,✅,images/kl1/kl1-mini.png
KL-5.8,КЛ-5.8,580,41,116,20500,1 шт,✅,images/kl1/kl1-mini.png
KL-5.9,КЛ-5.9,590,41,118,20850,1 шт,✅,images/kl1/kl1-mini.png
KL-6,КЛ-6,600,41,120,21210,1 шт,✅,images/kl1/kl1-mini.png
KL-6.1,КЛ-6.1,610,41,122,21560,1 шт,✅,images/kl1/kl1-mini.png
KL-6.2,КЛ-6.2,620,41,124,21930,1 шт,✅,images/kl1/kl1-mini.png
KL-6.3,КЛ-6.3,630,41,126,22265,1 шт,✅,images/kl1/kl1-mini.png
KL-6.4,КЛ-6.4,640,41,128,22630,1 шт,✅,images/kl1/kl1-mini.png
KL-6.5,КЛ-6.5,650,41,130,22975,1 шт,✅,images/kl1/kl1-mini.png
KL-6.6,КЛ-6.6,660,41,132,23320,1 шт,✅,images/kl1/kl1-mini.png
KL-6.7,КЛ-6.7,670,41,134,23665,1 шт,✅,images/kl1/kl1-mini.png
KL-6.8,КЛ-6.8,680,41,136,24040,1 шт,✅,images/kl1/kl1-mini.png
KL-6.9,КЛ-6.9,690,41,138,24375,1 шт,✅,images/kl1/kl1-mini.png
KL-7,КЛ-7,700,41,140,24750,1 шт,✅,images/kl1/kl1-mini.png
KL-7.1,КЛ-7.1,710,41,142,25095,1 шт,✅,images/kl1/kl1-mini.png
KL-7.2,КЛ-7.2,720,41,144,25450,1 шт,✅,images/kl1/kl1-mini.png
KL-7.3,КЛ-7.3,730,41,146,25800,1 шт,✅,images/kl1/kl1-mini.png
KL-7.4,КЛ-7.4,740,41,148,26160,1 шт,✅,images/kl1/kl1-mini.png
KL-7.5,КЛ-7.5,750,41,150,26505,1 шт,✅,images/kl1/kl1-mini.png
KL-7.6,КЛ-7.6,760,41,152,26850,1 шт,✅,images/kl1/kl1-mini.png
KL-7.7,КЛ-7.7,770,41,154,27225,1 шт,✅,images/kl1/kl1-mini.png
KL-7.8,КЛ-7.8,780,41,156,27570,1 шт,✅,images/kl1/kl1-mini.png
KL-7.9,КЛ-7.9,790,41,158,27920,1 шт,✅,images/kl1/kl1-mini.png
KL-8,КЛ-8,800,41,160,28265,1 шт,✅,images/kl1/kl1-mini.png
KL-8.1,КЛ-8.1,810,41,162,28630,1 шт,✅,images/kl1/kl1-mini.png
KL-8.2,КЛ-8.2,820,41,164,28970,1 шт,✅,images/kl1/kl1-mini.png
KL-8.3,КЛ-8.3,830,41,166,29310,1 шт,✅,images/kl1/kl1-mini.png
KL-8.4,КЛ-8.4,840,41,168,29670,1 шт,✅,images/kl1/kl1-mini.png
KL-8.5,КЛ-8.5,850,41,170,30030,1 шт,✅,images/kl1/kl1-mini.png
KL-8.6,КЛ-8.6,860,41,172,30375,1 шт,✅,images/kl1/kl1-mini.png
KL-8.7,КЛ-8.7,870,41,174,30745,1 шт,✅,images/kl1/kl1-mini.png
KL-8.8,КЛ-8.8,880,41,176,31090,1 шт,✅,images/kl1/kl1-mini.png
KL-8.9,КЛ-8.9,890,41,178,31440,1 шт,✅,images/kl1/kl1-mini.png
KL-9,КЛ-9,900,41,180,31790,1 шт,✅,images/kl1/kl1-mini.png
KL-9.1,КЛ-9.1,910,41,182,32145,1 шт,✅,images/kl1/kl1-mini.png
KL-9.2,КЛ-9.2,920,41,184,32490,1 шт,✅,images/kl1/kl1-mini.png
KL-9.3,КЛ-9.3,930,41,186,32850,1 шт,✅,images/kl1/kl1-mini.png
KL-9.4,КЛ-9.4,940,41,188,33200,1 шт,✅,images/kl1/kl1-mini.png
KL-9.5,КЛ-9.5,950,41,190,33565,1 шт,✅,images/kl1/kl1-mini.png
KL-9.6,КЛ-9.6,960,41,192,33920,1 шт,✅,images/kl1/kl1-mini.png
KL-9.7,КЛ-9.7,970,41,194,34270,1 шт,✅,images/kl1/kl1-mini.png
KL-9.8,КЛ-9.8,980,41,196,34625,1 шт,✅,images/kl1/kl1-mini.png
KL-9.9,КЛ-9.9,990,41,198,34970,1 шт,✅,images/kl1/kl1-mini.png
KL-10,КЛ-10,1000,41,200,35330,1 шт,✅,images/kl1/kl1-mini.png
KL-10.1,КЛ-10.1,1010,41,202,35680,1 шт,✅,images/kl1/kl1-mini.png
KL-10.2,КЛ-10.2,1020,41,204,36030,1 шт,✅,images/kl1/kl1-mini.png
KL-10.3,КЛ-10.3,1030,41,206,36375,1 шт,✅,images/kl1/kl1-mini.png
KL-10.4,КЛ-10.4,1040,41,208,36750,1 шт,✅,images/kl1/kl1-mini.png
KL-10.5,КЛ-10.5,1050,41,210,37090,1 шт,✅,images/kl1/kl1-mini.png
KL-10.6,КЛ-10.6,1060,41,212,37450,1 шт,✅,images/kl1/kl1-mini.png
KL-10.7,КЛ-10.7,1070,41,214,37790,1 шт,✅,images/kl1/kl1-mini.png
KL-10.8,КЛ-10.8,1080,41,216,38145,1 шт,✅,images/kl1/kl1-mini.png
KL-10.9,КЛ-10.9,1090,41,218,38490,1 шт,✅,images/kl1/kl1-mini.png
KL-11,КЛ-11,1100,41,220,38865,1 шт,✅,images/kl1/kl1-mini.png
KL-11.1,КЛ-11.1,1110,41,222,39210,1 шт,✅,images/kl1/kl1-mini.png
KL-11.2,КЛ-11.2,1120,41,224,39545,1 шт,✅,images/kl1/kl1-mini.png
KL-11.3,КЛ-11.3,1130,41,226,39905,1 шт,✅,images/kl1/kl1-mini.png
KL-11.4,КЛ-11.4,1140,41,228,40255,1 шт,✅,images/kl1/kl1-mini.png
KL-11.5,КЛ-11.5,1150,41,230,40615,1 шт,✅,images/kl1/kl1-mini.png
KL-11.6,КЛ-11.6,1160,41,232,40975,1 шт,✅,images/kl1/kl1-mini.png
KL-11.7,КЛ-11.7,1170,41,234,41320,1 шт,✅,images/kl1/kl1-mini.png